"files","P5","P10","P16","P25","P50","P75","P84","P90","P95"
"images/0017_cu_2.jpg",157.531007529977,163.524318313508,193.52399767264,242.937372368758,306.646585352138,400.529436791485,542.478336166923,590.94202334391,679.817999055758
"images/0041_cu_1.jpg",94.3219352546598,105.402622724585,115.66022259956,158.391205803928,158.707711746394,192.461164828258,323.267326712148,390.196038409437,529.360090346677
"images/0055_cu_2.jpg",450.019458155196,524.354686315197,542.367824594336,622.458560760917,761.979378456207,856.858206549848,979.115583764737,1119.31725120194,1322.89996292216
"images/0062_cu_1.jpg",155.357505028067,163.248023628798,181.457992822392,247.200412748218,291.808488316236,310.820501415425,315.456418298266,497.598112849126,554.676449173772
"images/0070_cu_1.jpg",213.32118026724,265.961475968012,343.184977358766,412.965320968037,481.91777769418,518.040375883901,549.771655359262,551.204103579407,1026.76101797374
"images/0079_cu_2.jpg",222.898017849324,244.159630433653,255.058294168421,290.41529021965,348.658076024126,396.568020775018,421.301479274848,549.834053094901,709.633070068664
"images/0094_cu_1.jpg",118.44733573409,150.348629606873,159.5774673219,239.632822663256,347.341438132589,369.131503089506,381.975965717357,461.776988561857,468.611806002154
"images/0095_cu_2.jpg",136.216114048869,171.985876600155,229.669839368669,284.711190678171,321.887340649298,339.896846219111,404.722009588661,406.840755264961,608.513906341122
"images/0124_cu_1.jpg",146.758663379213,157.98424868076,205.086944468884,282.880682478243,300.283456359312,320.958105774453,366.063875877079,493.748445884961,505.533470174206
"images/0133_cu_2.jpg",320.390603711576,363.17343573586,391.47811491485,489.223464953039,613.580163184943,620.428717283833,654.435380407914,844.422813401628,909.206916064545
"images/0151_cu_2.jpg",70.0824132747931,80.5741901037149,85.785747437372,111.10901875,162.741006746828,172.13405345246,176.979791604519,215.76308528343,292.875656664803
"images/0177_cu_1.jpg",103.071824673108,152.776516982592,160.923935559219,165.855576341469,173.374251974637,185.515112271257,205.99781647489,209.055730033067,344.559055780818
"images/0177_cu_2.jpg",146.550685350604,162.141329423746,234.96678482974,265.518651980545,274.133877478532,360.363031353144,384.524634011895,500.645293492925,815.182092255924
"images/0185_cu_2.jpg",206.817277354389,265.445191137234,332.459885805719,353.766814710006,433.992772874924,550.11808989895,654.508485596272,917.928477826343,1152.71529814949
"images/0210_cu_1.jpg",221.622638183378,224.621590002776,310.612343592923,325.830999394806,432.985412347636,531.974566210251,666.365306267398,841.849742714313,948.574924506837
"images/0242_cu_2.jpg",187.304979248796,196.953854853929,253.75455861951,311.595475961024,344.567244044709,503.331212405986,536.660684954727,711.970602003102,857.046873569759
"images/0271_cu_1.jpg",85.9973808896985,117.248333376219,160.25521535168,177.144743261388,194.827711424401,213.393537793424,311.758139378542,366.684607210679,448.313665715122
"images/0271_cu_2.jpg",127.482214199321,131.337238832156,141.78589981715,200.033689114967,203.814060323013,278.1081829091,297.762423847663,321.347958254451,423.012795523511
"images/0286_cu_2.jpg",265.634759563586,278.79754160918,280.843683945361,426.089375609952,518.367210445856,720.157701081469,819.174747215395,880.489517614661,1066.27528314603
"images/0315_cu_2.jpg",115.948880252582,130.174196497516,137.672284440019,168.30417429164,194.011735995319,207.501627390186,273.419654739185,294.771853519844,296.029872157126
"images/0315_cu_2.jpg",142.28717,170.61923,198.64583,236.8529,286.76025,338.94925,395.89124,477.43466,600.64886
"images/0330.jpg",181.251513372969,189.021998361073,204.011616429557,209.046962984612,224.600554347133,241.170563580362,246.116310349541,255.433658842996,268.703799660481
"images/0354_cu_2.jpg",143.033981766108,172.499113453979,208.540506833545,209.906578087616,258.939423313053,305.722403601513,311.970721051393,368.148948152445,715.812580623729
"images/0413_cu_1.jpg",91.5584389540921,111.562398041135,118.008380764824,144.120191309303,187.651008975466,224.97723715374,246.646741406797,247.956577025101,313.8879007515
"images/0434_cu_1.jpg",122.464457507069,148.762498939489,150.188752151129,312.312042009832,312.392136457951,369.296976610626,419.042150164628,567.109357990948,794.160806483121
"images/0434_cu_2.jpg",104.584468395775,120.62555454111,123.300022846763,133.855858615426,138.53389259469,179.407561132689,184.195567990956,280.260424464367,375.755127081685
"images/0453_cu_2.jpg",131.452413874176,157.36743460725,172.001990245801,214.451938495913,217.494740700083,244.697083483876,246.404464303182,284.701099745734,305.13783158198
"images/0463_cu_1.jpg",131.915120048415,147.858966587833,192.847149142962,201.501892046873,249.835665129318,265.671702475661,295.462313203616,358.479085775105,492.006526729016
"images/0463_cu_2.jpg",165.877294573981,177.964442796042,198.368491973348,223.952218997201,233.510511879097,268.256164089141,296.505082745091,307.530554778171,383.723873710473
"images/047020139.tiff",73.6652284200294,92.1590978227549,96.5154880187742,127.585966958099,144.36377260896,149.075631626286,149.432169170361,180.430270783932,272.908666166175
"images/047080139.tiff",94.6409164725121,105.807437391674,115.680428272847,124.400437705254,147.53120631143,154.6502531564,179.036992347264,196.137525818321,219.853669025766
"images/047140138.tiff",95.3723731623319,97.4459300386671,109.875563731376,129.369635854595,154.413081482091,161.611045164749,171.672847774627,177.998669785595,243.314206904058
"images/047200139.tiff",104.505086109447,112.775515668299,114.188508114883,131.769185114555,143.436549632437,143.46708108478,176.385252694185,182.007972082974,210.579279226308
"images/0477.jpg",95.3978113613086,105.464435006758,113.248634456657,130.606383246173,135.012939091634,154.187490036139,161.720538841424,189.355320362937,214.724435504905
"images/048020138.tiff",76.3494617570976,88.7500473599627,103.132824538216,123.96963310751,130.36817470517,142.244784314314,145.223960997777,191.445750533357,209.779564982932
"images/048080139.tiff",72.1795087322689,88.725594075359,116.424444411018,149.36695833483,161.101585084733,166.564080268314,179.705814549556,201.107460051959,255.202691684156
"images/048140139.tiff",65.3614001966901,78.3157451082213,98.4349822112253,103.803227458664,128.431389865206,133.53286132309,137.157680422156,164.455303765534,244.89884650375
"images/048200139.tiff",67.5830246852756,76.5900918805237,99.0252953371311,113.801591689814,128.818986878567,157.698849380868,167.46514036184,174.481559468523,181.447765830503
"images/0483_cu_1.jpg",327.069832255896,367.753580386359,409.932491748535,431.291000910597,657.664385404216,709.165298738526,728.765727260647,767.062533604861,1080.12037442916
"images/049020138.tiff",113.77533793541,122.868034638236,148.937604635468,162.574135110493,170.7946137868,175.187751347814,179.318487228965,185.790591365969,219.992602238404
"images/049080139.tiff",96.4118140681973,118.555417390664,119.060897211786,129.257101131607,140.489632552254,168.533325342723,171.133420754243,192.632286668655,204.991975155
"images/049140138.tiff",107.33516423468,120.108308458549,133.491486177947,138.03383310841,157.702809854809,178.299640031624,179.812509744479,200.70618061901,228.427996786393
"images/049200139.tiff",108.354996151665,129.361597745025,150.165327227557,150.470454392083,158.620700101266,210.159557936115,219.20494923216,221.234385501483,240.110776334989
"images/0551_cu_1.jpg",264.014257571913,298.540356557678,312.978308083776,366.540552644122,442.423870591745,452.870749675842,597.040025041785,653.665690767797,673.46549349697
"images/0782_cu_1.jpg",124.655753683404,139.997630329745,169.604633348984,209.718211073583,243.143138235504,247.553181572499,283.292639157821,356.143491904751,582.920927936771
"images/0819_cu_2.jpg",155.959320510767,162.255525785625,190.325718029727,266.555908016054,308.250093511615,504.515339679465,553.179980475696,642.046324995248,659.953785336536
"images/0839_cu_1.jpg",78.1731675704916,78.3211268489225,85.6579725490344,121.146616496536,122.387263389867,184.98377451433,190.449448311205,237.037325946394,384.444045178171
"images/0843_cu_1.jpg",74.6408755921606,112.579500115263,114.405944543293,161.746639590978,181.87864018587,189.656755633809,340.006231567828,367.504230095756,385.419283567045
"images/0913_cu_2.jpg",147.563999436855,164.435487641765,165.725606524821,171.522888084521,242.87539334077,265.041837579844,276.717116122995,323.72580293525,397.717138698402
"images/0947_cu_1.jpg",201.505917409252,215.041994770761,254.748995575361,429.44987073432,475.021671827126,550.534261132387,668.36835251326,911.972751622664,997.175142521577
"images/1_2.JPG",40.4220428225965,60.6224956637388,82.4550849255158,98.6206207225423,161.884861696525,165.316534812715,195.191710512243,220.761927740227,288.698855875099
"images/10_2.JPG",28.5776474097578,34.2490887634713,36.1989479264053,59.9533431142879,93.160025792576,156.189693122817,160.958104855082,192.307459054731,193.177053518516
"images/1001.jpg",172.953094835196,187.461193436466,199.07612931362,204.847473142031,222.401487733207,226.453825526312,238.2931498803,251.009050188428,251.961391525545
"images/1002.jpg",145.504077587282,163.863720590424,166.621610773222,181.473949411192,185.845008196419,196.568504863682,212.80471065836,261.167249884759,271.137818264134
"images/1005.jpg",63.6680722276876,76.0012812229411,76.7607910968779,95.9017729246157,100.387154937191,107.415637753394,117.81553493723,128.23193543358,151.057812377471
"images/1006.jpg",76.6704992673493,87.5842827711825,111.183613966795,117.272658794099,123.13130859467,137.806657416832,146.760363450934,152.143931663726,157.704929381124
"images/1013.jpg",64.1028684119991,80.2195765998775,92.2648038447173,92.318512702422,108.190641731817,117.539709730849,130.550423252892,142.175793057857,152.064594076633
"images/1041.jpg",73.0560749042357,87.7905983386448,97.5169341398406,110.608730164206,118.353585484971,123.576134723663,137.509613865103,155.949237478739,164.914855476952
"images/1047.jpg",118.123510398679,125.094042973792,140.941546295986,147.398533205383,159.405193142234,165.991193735142,174.823957291875,191.283086798485,205.087108248236
"images/1067.jpg",64.5966001626583,89.1772706044378,91.9417364374567,103.767503374794,130.815180421837,131.84326715213,140.241389484016,149.853135277329,163.41670206062
"images/1073.jpg",147.009763651827,149.439805494135,167.904971592647,171.254317893748,195.770348247443,197.113450500697,209.158397900276,216.153457383316,227.56716799213
"images/1074.jpg",80.4126626631423,88.5240726695691,99.3074102713614,112.234510446242,120.490515827626,144.229026600428,155.687136748993,160.191205029863,179.159976349884
"images/1085.jpg",178.494828635153,186.083939223046,195.007159109341,216.961529569681,218.873779293016,228.189633970629,249.117649011596,254.917786199589,289.227589091274
"images/1087.jpg",140.72582473878,162.82095610964,166.64324560281,177.197173856215,182.447548615661,189.76738012496,207.332586738592,236.163135521423,244.811228807535
"images/1088.jpg",147.195575981168,159.474191091601,171.880108215398,187.483335054668,195.338682310768,199.770406236255,218.242071143448,221.870679729203,227.683052620946
"images/1090.jpg",81.9130074961606,96.6953941669751,101.436221719227,121.786990896526,125.886113370801,133.804097307559,160.013772577701,163.098217599112,167.888439274956
"images/11_2.JPG",198.285329841491,222.447333879912,261.593285231763,323.174327478674,382.984776702442,436.579903592581,439.315879552088,446.631054152209,496.900062370554
"images/1172_2.jpg",183.811689871757,194.854342800753,202.09868071208,209.763409490529,222.692630393427,230.375573402534,245.346635139051,254.445716038809,260.146173052138
"images/1172.jpg",111.066816941447,122.018460140365,142.052890240205,143.743832735152,159.333995074314,171.54264085637,179.394773000606,190.803559842359,207.779951921981
"images/1292.jpg",190.086853155911,200.511638384288,213.166578790951,219.897740255406,236.653750578447,244.401587780467,249.944582410397,271.994250689908,283.372412665448
"images/13_2.JPG",165.738225339732,262.761686456248,267.844107855042,313.815631775258,371.966767908217,432.797168753216,482.205531350708,492.990507891431,498.723032391448
"images/1409.jpg",186.864912599379,196.985051770328,207.724428620635,222.968492923313,231.655449120461,234.290042383647,256.613927986027,259.878929838288,283.455367486121
"images/14091.jpg",111.221417034375,124.477473161543,130.497615730739,141.225071946365,156.519931458521,167.580462043494,170.350961915235,183.646434443427,195.774516147879
"images/1422.jpg",107.412463114691,116.009154574609,132.066895071443,134.892432872391,152.806366885678,169.902552817279,172.204759213558,194.484510962022,201.021136130774
"images/1434.jpg",136.00848908617,154.439373619536,158.555217640019,167.53091131406,175.967589673197,190.088160805194,205.010028932393,213.928876261797,260.159923035809
"images/1435.jpg",168.24342035989,180.569525762842,198.377630641903,199.446690595552,213.114549115926,230.559074378015,233.093301640205,242.884550684308,278.505577551546
"images/14351.jpg",162.846739792007,176.083291448394,184.975998942178,197.801705592783,198.44509967234,224.556249412141,225.790291348288,243.159311316385,277.041848997122
"images/1442.jpg",159.294124914664,174.954803478054,187.747525995591,196.609705541164,210.256714489826,210.547073845553,220.480633420239,233.372411400676,260.569134549678
"images/1448.jpg",72.0423949768186,87.997119577088,109.032115284344,110.192180151211,121.453139333271,133.116171742564,136.610911341609,167.017645782551,182.945349836667
"images/14481.jpg",142.836934140027,152.457673735498,164.751007913397,192.772318077953,202.139210158277,209.04647739754,226.716577859702,235.834238559205,256.558533407083
"images/1450.jpg",108.416586562375,113.372379915682,127.050405625893,141.214967984191,141.445765102234,153.053141498688,164.918495590139,180.548003473486,198.774465728219
"images/1455.jpg",185.205501805554,199.665487897262,214.352141199114,219.292535455367,227.07218671204,236.909172579309,264.497764644,270.434942523326,295.956118414031
"images/1457.jpg",111.623101021207,118.917595930457,131.086001622686,150.651781565115,159.376541704947,171.306992076205,182.545365016226,201.232363346281,222.285515798743
"images/1459.jpg",121.752213176846,132.390364347301,142.283581788664,150.06720032863,163.637052814374,167.376675735285,179.412884623598,205.99387059002,213.878741686651
"images/14591.jpg",115.071034420381,127.699751427052,133.588551016465,153.512532683416,156.861162769929,165.758178527765,184.359871359497,193.286372999007,209.581422728498
"images/1463.jpg",157.03729166994,171.70727788048,173.509842148781,185.147691953223,202.904645994233,213.82829065308,235.0476529408,235.509447926193,246.657716475626
"images/1465.jpg",51.4781589324172,61.846838257844,89.9806691920339,96.5579347211306,97.1587548476794,121.587897043367,136.195152789579,137.758919604077,145.375980985907
"images/1467.jpg",75.2459635272503,93.4842567405963,95.8576620279402,105.632108940961,121.434568974389,121.616122115188,139.640927791526,143.501568033872,183.075218730208
"images/1472.jpg",155.733090021488,158.358143367141,178.278161290687,189.092767943437,189.318378165344,201.493448481714,216.307346354744,228.902716786342,236.556575924848
"images/152.jpg",84.62634,99.7308,113.6733,129.74324,149.45496,170.98193,192.97598,217.38454,264.21292
"images/1552.jpg",71.0081169643298,86.129053366467,94.0891862442822,115.372797547856,122.244293441267,130.584156506396,138.778819636568,159.289374877485,161.921418807466
"images/15521.jpg",144.585322167775,158.634325967692,170.656731672975,187.521487550689,187.733416873529,203.881131525819,204.513998001958,220.444526974221,238.82858833361
"images/156.jpg",40.781635542457,52.7358936685972,67.582010434272,78.2184185724034,91.5038854699064,119.841688259583,126.48385786136,172.673529571531,195.236862862761
"images/1571.jpg",133.432131606694,141.504084077007,158.571195497917,175.211571781235,181.139381335398,193.225535170619,198.112514340282,211.156472020227,221.768448443886
"images/1590.jpg",105.425473931066,115.667427133956,132.187183990484,138.330644029455,153.52514227619,160.649730213468,165.917292919817,182.588139311703,197.413165536701
"images/1591.jpg",88.3469835702404,107.008958719729,111.363867305653,116.456724780926,141.253083816246,153.793807537423,154.530095542161,160.688489582852,188.910529275784
"images/1595.jpg",134.515695627439,150.572726236077,154.511098162631,167.25961513979,173.152414162144,194.179606632242,196.441696073935,223.650943790692,228.910500672395
"images/15951.jpg",146.524230711713,152.94438707282,169.703663776467,170.960212715336,189.323882314481,193.156420675879,206.991942400374,229.834349044011,243.56187605423
"images/15952.jpg",116.992993215233,128.108604847135,137.487464969436,153.479270326072,169.263814420935,169.725498198224,179.573622543792,192.613464436941,226.971136141207
"images/15953.jpg",63.370480329859,84.6488790239625,85.6060705369767,102.818828580738,113.816139556463,134.014368511728,138.61401145418,152.354397863436,154.730937309279
"images/15954.jpg",104.90827791581,109.258453924491,122.314185641119,141.205031590167,141.603945165179,151.61770464211,173.048918039333,180.837111055131,193.059308810224
"images/16.JPG",160.574108333327,182.283739717857,223.192814478154,262.919901040683,361.521459782119,452.970958073042,513.493152266861,668.996110191696,675.48917578284
"images/160.jpg",79.18316,93.24854,106.828735,123.51735,141.86461,163.98065,186.42676,211.89998,260.00696
"images/1611.jpg",186.049568398576,203.985772482494,217.264304502651,217.627369570503,225.904566424556,234.613289572422,244.762572250229,277.985167936185,287.433888342416
"images/16111.jpg",90.5516055609165,101.749826400929,109.953866537286,130.36942295197,139.14940144115,148.303477132673,163.519195564518,167.219339208758,193.912556614914
"images/16111.jpg",92.972,109.45145,125.15046,145.63094,168.19724,194.5922,221.5181,252.32782,310.3918
"images/16112.jpg",165.95575715341,178.51035028,189.303246387038,203.665279684155,208.128903012749,224.255499483133,245.892059460056,251.712591938878,261.594770177469
"images/1613.jpg",85.2852315265954,92.4387849974685,108.008783430811,115.670059700207,129.893768687925,142.95596187041,144.981461583066,157.324997167674,167.648875530289
"images/166.jpg",79.977234,93.852875,106.57122,121.40435,138.68831,159.0411,178.38507,199.96442,243.64902
"images/17_1.JPG",23.6834921125888,38.4226814138533,50.991680404368,61.2120099843769,62.3389176566702,119.484484532593,136.698858121338,158.196841022609,368.218270727418
"images/171.jpg",72.3453,84.242065,95.48505,111.912766,128.3501,146.62912,166.12071,187.51959,229.52684
"images/186.jpg",150.450426028568,166.187948508299,175.664416157673,180.754698065665,201.337836758728,202.599242249111,211.633698011165,221.613604360037,233.262932544934
"images/186.jpg",75.92051,90.13478,103.13661,118.40132,137.36456,159.28381,180.71114,206.12784,254.4022
"images/1976.jpg",162.821516692147,170.753530890429,184.889767235615,191.460024958508,201.276354017941,219.289824889166,221.750139086558,244.512195392722,259.543304341801
"images/2_0.JPG",57.7418540964686,80.7641954987492,93.9837444668525,95.9705065475254,126.645960416177,153.429985952942,169.522507163192,176.982367129583,233.378113085214
"images/2_1.JPG",97.74739,114.90263,131.04959,151.98889,175.34654,202.00314,229.5103,261.82565,321.60117
"images/2_36.JPG",66.7959189293684,79.7855906151942,105.803450598154,106.362399050374,124.032424179366,125.984057236575,146.106880233448,157.222956156904,168.63595795339
"images/2_8.JPG",85.2104821060005,90.568953834388,97.01909943875,126.040225006388,145.202510085783,150.554357461701,172.92223850193,200.894791657757,209.020672381372
"images/20151002_SJENN3_edit_0.05res.jpg",16.4425329944336,19.2773230308266,27.7644328042146,37.6354656901446,44.343217889392,59.0505499324962,76.0577764039971,78.5907842536741,88.6396230204585
"images/2088.jpg",56.6213037143201,66.4180582093181,74.1609636298154,86.1290279518753,109.237706280648,112.011205421289,113.06548839281,128.28644010647,134.36822898442
"images/2106.jpg",137.86983180062,150.184928173414,171.083414557357,174.822607455681,176.56999504303,191.732593335114,202.914638527153,221.303848810271,231.501939206769
"images/2154.jpg",86.0380960051734,104.54792331625,111.49748834971,118.280781602004,132.251007885194,136.227973105622,145.581787354371,163.084955907347,179.55495730331
"images/2160.jpg",103.637310208279,114.743249433839,129.220304908016,134.914993922739,152.216474727824,166.868820985477,170.285053125717,183.064851689044,202.532436930634
"images/2165.jpg",156.893707074086,172.312988187555,176.125091841119,184.557760592301,196.22327847459,212.721485930649,215.060947671493,229.496139001532,252.701487983536
"images/2185.jpg",164.328890599787,173.662731416753,181.69515871126,193.84411739548,214.581689939766,215.803614311089,229.444121454597,231.805574920934,257.639931746776
"images/2189.jpg",120.067146679638,131.541644638872,144.6870363708,160.852302897923,169.490200580571,178.631699901058,180.157989699795,200.37912841248,224.803182448568
"images/2204.jpg",175.637288607457,186.344217434406,197.396035012251,208.719032444509,230.459537016059,231.439515591414,241.645958126554,269.198884238006,273.504308522384
"images/2207.jpg",133.330420900881,138.637533832917,155.129967232938,161.573219599042,168.892855823344,189.267456177782,192.934458718455,210.789833292708,223.54608792869
"images/225.jpg",71.34365,84.434715,96.49308,110.422516,127.20697,146.35431,165.88892,187.7812,230.13176
"images/226.jpg",79.97827,95.08796,108.86889,126.35462,146.58022,170.56145,193.51698,221.8038,273.4491
"images/228.jpg",28.7960558821491,38.4584040787997,43.6867826971192,57.9624200489284,62.3725595633357,76.5807066540685,92.1727896017498,140.97447209193,152.415814954722
"images/229.jpg",43.5020187626342,45.7963214808029,59.8841732824332,67.5934579894336,72.6077050701491,98.7873502547114,109.331215422424,132.327592758739,199.557440558189
"images/2295.jpg",133.322995427366,139.513374776465,150.169066661804,154.717596290702,185.471282891273,185.558272566608,197.371700440925,207.076326274994,263.2592659184
"images/2296.jpg",112.136340966317,125.530433649259,126.154786721552,142.223733202579,146.0963157074,159.402541551751,177.888924753022,181.688004621879,200.681288119763
"images/2298.jpg",152.519990197768,162.401334202998,174.279659577789,187.773101869777,196.192325855075,212.562159258275,226.49328592519,231.067014578151,250.585247854973
"images/2302.jpg",61.9335725293602,74.0945985730542,83.1687906522883,90.9937660779601,104.812472318763,111.377458389468,129.488463798966,134.245618833181,149.155326924985
"images/2323.jpg",97.6192928582614,101.082558720936,119.713394334308,121.634226639896,132.71192713734,148.081809017622,173.15646875996,188.854584080329,190.163309573349
"images/2325.jpg",182.562204576351,201.249560765915,202.283723958081,219.761557366107,228.272670641088,248.962981227407,249.03832140282,258.410460023468,296.737920172723
"images/2326.jpg",112.093836684668,125.118789524958,138.188165555154,146.170432192049,166.518482052736,166.667683806575,176.410286900486,184.53119270423,211.831211589913
"images/2327.jpg",160.552988239055,163.792123719699,175.464427443352,180.355657931029,208.238259702317,211.377977842356,214.830253445765,227.250947057565,240.173664211087
"images/2328.jpg",57.6499181535859,61.5387498538539,79.802826120858,94.68622297005,95.7164532009743,114.220946852964,115.551536006754,122.541744758796,143.790867028683
"images/2333.jpg",135.534886635414,148.799439264879,159.946796660524,170.016506682932,175.494838414145,186.937498835157,197.786865072332,221.544815534004,227.166774593833
"images/2334.jpg",58.0372202464395,74.0894244262323,75.1842190594765,88.6292575053547,107.643978028108,108.218589284139,119.077055196404,129.968107758172,177.727309900122
"images/2340.jpg",84.0438543258106,104.369892369939,106.832971836799,113.975291975803,122.744970504125,133.388107288736,155.910088386109,172.122656505815,192.429219543042
"images/2345.jpg",169.692759060919,178.602189258546,190.75787937781,206.882319558931,207.868093966995,225.577250579639,244.019592401162,246.395502722778,251.820455364122
"images/2346.jpg",178.575644250939,181.697681267971,199.978161867621,200.956984792043,210.10554469837,225.14395117937,242.136446610846,243.474491854435,254.013740786444
"images/2349.jpg",182.435970933547,190.967189313863,205.254629937832,211.672685093786,221.657490253745,242.616791258588,248.39018081625,255.345695195882,267.870105882426
"images/255.jpg",97.1216398291433,105.643805030723,117.698394513656,127.267858438966,135.685215000593,145.239790647362,176.574939722143,177.434048027572,196.023125898384
"images/258.jpg",121.171340849706,128.56281184304,141.574620247716,160.440221106349,162.370825036041,183.067374436674,194.34561367855,211.348686803163,219.673839270048
"images/264.jpg",117.227172223196,128.885850668428,141.5417762215,153.157359214955,167.312572995551,193.797245473028,194.654883269839,199.880107482729,209.969775155816
"images/267.jpg",101.397712500104,121.292326337312,121.333511501324,135.389059765494,142.725864352568,154.704973811642,159.471390625393,174.406755334661,199.558508870304
"images/269.jpg",88.7800618066858,94.4994317452151,104.224249034677,118.834759862482,128.134870424342,149.406406612825,154.383216381967,167.376019499853,170.706041182902
"images/2695.jpg",91.8375198640718,104.483085457063,107.778837105854,128.580679921621,129.638607850482,136.05600760859,155.863491171096,163.399730626501,220.554457334033
"images/2696.jpg",135.267677964514,148.014373577532,158.973236660025,172.792467518943,181.49205945668,200.265794259981,210.935052730964,214.324120822859,216.33079610869
"images/2697.jpg",147.755060897734,166.414138982355,179.926594903068,180.655254446195,197.51304646971,223.086451702287,223.627503720966,235.611097300661,241.784875635766
"images/2698.jpg",59.8294771900238,75.9467564399051,81.1596638948298,90.3910567734832,99.2126147980676,113.405984827191,119.933786986386,134.074679916636,150.979579540095
"images/2699.jpg",165.27962957879,166.542920885179,179.346608146978,195.58831505405,199.192263980665,223.000167603679,227.798661003834,228.186393653271,255.716038178643
"images/2701.jpg",131.236804485654,140.440092924286,153.296653495834,165.366005359528,181.063700882003,187.483507785439,211.130942814722,214.929233919591,215.526072571557
"images/2704.jpg",172.487736327459,190.520456349122,196.098245464427,212.348798767241,223.743774634179,232.116632186331,236.830455993468,249.61415007227,297.235380884398
"images/2705.jpg",171.582333306227,185.945395439154,197.233153497362,202.394395341568,224.154662680796,241.047068498156,245.625631288611,253.139374158966,263.327592273351
"images/2706.jpg",131.583617187079,145.700543106626,156.137894229074,160.386006836207,188.131899377909,193.536019399973,199.468495240835,201.147498498006,221.511469144757
"images/2710.jpg",66.6317925357141,74.9359894159327,98.0945988031755,100.869702453066,113.535934506935,119.000231692233,135.679085803805,142.014745727017,146.996617438565
"images/2712.jpg",92.9565989650651,97.0898409472521,109.321797144492,120.465475855256,130.119958996734,143.262697860016,161.125327985219,169.523882419891,171.3600687126
"images/2713.jpg",78.8572699951912,93.0726470033822,99.3580403367806,109.02374237955,121.780846692331,142.611801930144,149.489567420699,161.432352999495,170.563434045287
"images/2720.jpg",125.406477314762,140.860276515492,145.850139418125,157.142599573714,167.258196850494,173.673340295138,194.090670636366,205.341763979848,211.758982760034
"images/2721.jpg",79.5151999546919,92.5664459092188,105.737123591548,109.58257856613,120.152293469499,134.071926528465,146.431591250818,154.52630764623,156.909843800006
"images/2729.jpg",178.83894161492,187.0249561773,197.63950498826,206.432698723444,222.018691442606,229.138405165834,246.297034718384,248.525240849771,258.540769228445
"images/2738.jpg",193.267998416921,212.970672850987,226.050572228766,228.521788354526,242.475744014473,251.939027628361,265.867240088547,269.065340040803,293.225246330828
"images/2741.jpg",146.200327983468,155.740943293768,174.426260429048,179.275744539785,197.141803727568,198.747866284521,214.160882825959,217.74564134294,222.473618979152
"images/2742.jpg",78.878414645674,90.8032143377176,97.2260998239745,106.256070735447,117.580692363312,137.850386733964,139.614829286371,157.085595819712,159.541897032625
"images/2744.jpg",141.478128727102,154.663164257222,165.743635851521,170.84038414405,201.223934252076,201.929802683502,210.41276630128,243.885919788226,244.411787793865
"images/2747.jpg",165.185098528295,174.859742480608,187.555634382178,201.866159135548,202.358499980821,221.637149381209,236.482650270859,253.141835678424,267.01238709364
"images/275.jpg",197.577677234826,202.908777048766,212.574154065183,233.605978871178,249.40840174038,255.22703113859,270.259466555797,275.766795475049,290.342197826357
"images/2750.jpg",77.753427346885,81.7167133582954,106.662986365617,121.862807498221,131.310490598985,135.586103276143,146.169577801661,150.006987547193,187.985880245862
"images/2751.jpg",150.164235550055,161.239952542665,170.139967109987,185.930715844137,196.003528621692,203.369779207491,211.174286779689,228.908599264986,256.454743470844
"images/278.jpg",195.879885106966,200.435796002689,220.75492710447,226.329378300944,238.011504079071,255.095940629635,260.280073365179,261.76220725719,290.714238713038
"images/279.jpg",133.882507923961,147.664061502427,163.042641330111,167.529405098201,173.732772101685,190.745484293903,204.177377542117,214.548473341504,247.999462236914
"images/280.jpg",121.695855098867,124.650799222144,139.030615832222,140.074303156536,170.403023967179,171.9713663607,181.658750890109,188.372365610312,217.822921495551
"images/289.jpg",82.8170296203611,91.1891512340891,101.974398953198,115.566762189831,124.228031412197,143.228665086096,144.043399438582,155.621892391377,165.482939592537
"images/3_35.JPG",102.913720131261,120.685862072623,146.239244474754,147.032039923309,162.389919983152,174.160717063316,209.806470308858,316.700855572017,361.291024735595
"images/312.jpg",168.11058823442,177.87983849075,186.614180317142,202.904489975643,212.147340175008,226.47997285739,245.241019941998,256.878118562698,263.162799818657
"images/329.jpg",156.777998089182,171.039312524925,178.910559946687,185.798694006593,204.031473621355,226.767763977421,230.023969440257,240.830071070415,240.902150269627
"images/330.jpg",124.636809327009,134.542906460194,145.417574343993,154.238109554706,173.956659398678,186.339406197845,190.788986014744,195.892587317801,222.590663996673
"images/344.jpg",101.022821778586,113.948738035272,121.827756281688,131.278788864482,141.729663639948,153.92521486412,160.830538986618,173.397748395407,181.515234354198
"images/348.jpg",110.076397908507,116.560617237631,136.495597409334,143.862376777343,150.604080592003,168.180107222668,186.195620198013,189.083444302588,219.44421923018
"images/356.jpg",97.2314882546598,108.424761538201,127.770049351015,131.930347649572,156.299928058542,158.810663412364,165.060737426863,175.447727642042,194.976468755994
"images/363.jpg",98.1338350517972,110.014674695593,114.109520866453,128.05001481361,133.422713932896,153.90927408324,167.111809031124,168.271121905323,213.133807973733
"images/378.jpg",176.480016424513,184.359974397511,202.752010201681,207.451413042472,225.475408195548,235.75831175161,235.817286094705,248.400581757342,263.018401183308
"images/389.jpg",132.01013314319,145.961566640517,152.830639496331,162.599479432816,178.566025950862,192.509518453743,213.184673059057,214.864126008752,238.265938477802
"images/393.jpg",129.536445172022,135.786353653361,144.990792217123,166.753333888107,167.597959514425,177.429679719635,186.157127507121,197.894946447759,202.493773808122
"images/4_75.JPG",129.036559386426,135.430307517293,167.168702331379,188.554646906518,221.354095564397,259.695577668764,275.610255999903,289.222242687246,409.165994159778
"images/4.JPG",120.688781209688,138.918260970335,147.412011262836,160.112684888734,175.103440468042,194.537552093592,215.488630572673,252.885101700425,273.765191189719
"images/5_6.JPG",128.933638590289,131.821930234405,142.11934136015,167.400516549271,217.97521109699,239.657639704361,271.157269550567,318.870124313494,349.840355822063
"images/6_7.JPG",159.239947401904,167.590836293587,185.933245093332,212.364817762412,215.366760846909,246.60975131426,297.115293367653,339.92752442769,402.831492957114
"images/636.jpg",129.009275871897,137.003135446233,157.64509650545,166.490339465623,168.852508180099,187.823989075621,199.060864399755,212.0871315414,221.887932342747
"images/654.jpg",98.3614986953153,103.899196518713,117.626060775191,127.563602125863,136.310608550504,156.361501042405,167.13184654969,171.676403481978,178.110996517901
"images/655.jpg",116.852052777463,126.915413669868,138.865561080088,142.930200712833,153.499253508918,171.14387583667,187.473747787445,191.115404533423,192.820129198279
"images/657.jpg",52.146100400862,68.841036031649,74.8863880556666,90.2944536154862,99.3711439705254,113.068260261166,117.426085741723,125.194543095027,141.47006463854
"images/658.jpg",68.178476255861,79.306498358762,87.1088623855392,100.355117468486,107.464423473237,127.230964339302,138.175607589969,148.230617668065,153.908013280534
"images/664.jpg",60.0615553470492,70.4034944302581,88.9125938496762,94.2979649290348,114.523876304712,125.350513363438,131.502460533323,132.447329430272,149.901552137268
"images/671.jpg",181.62631530652,196.485204112752,205.10585325128,218.615425201196,230.811017830336,234.938499546688,250.553716272937,265.357766835299,279.20116940799
"images/675.jpg",94.4162872043182,106.035164250557,122.78777228862,130.114935507044,132.672591276732,147.641751261689,158.013145299387,175.768132162028,183.138727973388
"images/722.jpg",188.501446843628,198.694702180191,212.344577887869,222.297037377587,231.261217822334,242.16265457829,261.846161961127,264.616390170346,268.508271714856
"images/738.jpg",180.764075231543,189.634600445359,201.509884708872,219.33507213255,227.958711593949,230.27525930078,251.012564809433,253.518513782163,273.435787105992
"images/739.jpg",168.813787559458,174.619965635554,191.04916257021,194.144360285665,206.062394413574,216.819216346433,226.544701652542,265.722696087663,284.169215249507
"images/8.JPG",174.110036139924,193.5809844674,198.263126276016,204.283475374749,270.28337577755,279.846576280188,289.465467306935,364.80191867856,463.66290977502
"images/802.jpg",67.4110851766772,76.448982901067,88.301373608054,99.7836158754087,115.529067859564,116.825248911751,138.033964014832,139.371690765285,158.648925365221
"images/809.jpg",66.0598007818007,81.4479652641602,89.9086049118627,95.8762898719134,113.322613313529,129.458479621629,140.108222117891,151.895306679682,155.488826509562
"images/811.jpg",104.317284201306,114.601247976593,127.816380973421,132.645460154386,149.91747278478,153.884417876621,172.71315697052,173.620551857812,189.006236656106
"images/832.jpg",172.457890026003,184.350030865208,192.802355264727,209.889570541002,222.447278145671,233.684090912967,242.435766141184,258.4407190651,262.634178550934
"images/863.jpg",190.163814315864,197.722299462069,208.291923708853,225.97777777123,227.835092573673,243.697065682553,258.765553511693,264.776823503372,271.257511907574
"images/882.jpg",60.7861977272543,70.8953819462657,82.4660540054226,98.2108524242092,99.4160856418036,119.850765647168,121.893477941139,130.558274250653,140.549280257468
"images/888.jpg",56.4810945658521,69.7476111650556,76.7076448013759,100.425941110694,116.536197107375,116.584689237654,139.790774198778,165.077611813417,177.677106713736
"images/889.jpg",124.336319000482,141.840943356351,149.855733412665,152.472207731711,163.005617288644,169.358722368394,185.620636553152,202.714708163055,238.384392507501
"images/9_5.JPG",173.045825934972,210.062433646002,211.990131671409,230.412880928703,262.480608905055,346.181422279592,356.749099448214,384.815420021711,422.801910292073
"images/Barthol_Rotalgen_mak.JPG",24.7612884101611,79.9394011657594,94.0174366057038,106.270520116877,139.32440541151,190.228413857398,191.162667015162,191.606751108724,272.769769377141
"images/close-up_PfeifferStateBeach.jpg",42.7869247948505,63.5586137960384,85.9855057029126,88.6232625663755,104.667746061882,122.155177926274,131.428745074192,153.905925564926,181.622365105493
"images/im.png",10.7080820978478,28.7728236134709,46.0394424244572,76.1186344100473,87.1089738726275,118.332517470913,123.231072318585,137.416928281456,151.175277650836
"images/Image_4766.JPG_crop.tif",102.030811117767,106.040400122802,123.529676637721,149.055222093992,160.596340772629,170.155368560799,185.496645349047,214.8268321349,239.244076564631
"images/Image_4767.JPG_crop.tif",35.0420740744132,42.961995691022,51.2967663248846,52.3688795075859,58.4925498108825,62.6843946426729,102.493516966146,130.847483993444,200.634449341336
"images/IMG_0202.JPG",92.8116474293384,110.355627586949,115.79331361938,143.254375852977,160.282707667275,162.051985455516,173.821397382169,253.766177281144,257.144531603409
"images/IMG_0203.JPG",73.0282205288608,95.1078920214698,111.432472533308,124.491254110926,170.823479714475,171.681435669903,202.663460818593,229.199096913898,240.556155176947
"images/IMG_0204.JPG",93.9923511645549,108.190137334137,122.477888104729,135.233937496802,144.068098834935,144.895673153005,182.99684864738,203.983621764273,238.076778683292
"images/IMG_0205.JPG",107.25196722327,117.802310423335,126.431868233092,133.770605815336,147.757202365952,172.118856799936,195.017386369261,234.999957735695,302.343624010431
"images/IMG_0207.JPG",77.5392382937092,94.2447990123168,104.176616324795,128.584057735088,138.142808073022,147.50094396629,209.650856950516,217.293335916537,217.48837261922
"images/IMG_0208.JPG",69.5402115234174,81.7123314182298,84.1432876760337,84.2865149411999,88.2579517404119,141.568784375051,170.105579554866,183.940378037825,266.23083338812
"images/IMG_0209.JPG",79.6422081043427,109.601003082447,117.479641868243,121.138293295888,130.498988054354,146.080998687354,184.571768035127,193.433710046505,216.273477053784
"images/IMG_0210.JPG",93.5764755576886,100.365989953522,107.138487494083,133.715005609109,142.788694037563,173.155753487701,201.285854964673,209.320584936887,233.917829105681
"images/IMG_0212.JPG",59.7792437964516,81.6763056904933,94.0967052775403,113.681406305721,118.267796935929,130.143934147455,136.590273554743,160.222824206865,209.326073091406
"images/IMG_0213.JPG",58.5568886243143,96.240526654178,99.9486583092552,123.295441496738,126.208194898723,134.056919170186,166.940488513641,169.733371453835,195.420867669893
"images/IMG_0214.JPG",64.605931041853,75.4056683109402,79.4276774540419,82.601775395248,103.122133563766,122.4478072663,138.569034941851,154.140169471901,195.692505044622
"images/IMG_0215.JPG",69.6353948100086,75.7168042148904,79.8710293016666,91.3337635299064,100.682805950783,104.699206161846,109.216608309497,163.328986309369,246.891859147451
"images/IMG_0217.JPG",62.4237028887806,71.9942077380752,73.5752723898009,74.9753270756005,97.7617390063049,99.1673193360289,99.2930020946712,129.303336445695,132.215739107864
"images/IMG_0218.JPG",45.172175511118,46.8782623067498,53.7613161948664,54.0143413974879,98.7607941778571,121.978470038412,123.545380156072,166.681058823462,194.62355415683
"images/IMG_0219.JPG",43.0784198761351,49.3802834373004,57.9231928313295,71.619104958365,72.2701342333659,87.463896427317,113.476593280704,130.794190983739,238.140901002809
"images/IMG_0220.JPG",49.4031999072277,51.9002577282052,62.3996088857353,63.2201486664005,80.3536562105508,93.8017833221682,103.604426212885,103.790565595555,114.85478782504
"images/IMG_0222.JPG",30.0015791415853,48.5122917028253,51.1746891833239,61.9055529444599,71.5263192616952,83.5111665831165,88.7943001993662,98.6564123161226,157.049927255389
"images/IMG_0223.JPG",29.7895599296657,43.1861921905553,48.6506057258544,52.5461878111962,75.2632844161281,77.3987771069165,94.9495098685695,103.029344360962,108.527275162322
"images/IMG_0224.JPG",40.0244093205143,43.5757807168632,53.428166629561,59.9025583386938,67.560215232829,77.0058709403302,86.3804845273929,103.340549508888,108.19776828544
"images/IMG_0225.JPG",35.2801726845425,39.2026777280975,47.8980881880563,56.7511410405128,65.2357213079354,72.3682236468565,103.171156840141,107.558966187351,141.439104254125
"images/IMG_0228.JPG",27.4651810840302,39.3258516283959,46.3470912475739,52.1725144290838,54.4432404150815,59.2573807376647,68.6388174911823,90.4095414712268,92.2285464584604
"images/IMG_0229.JPG",32.7236020272758,35.458600738505,39.9272322231382,46.3231690419432,50.8479185539047,67.5438688802788,74.054451262932,95.201577921157,109.8722426753
"images/IMG_0230.JPG",26.7936175526324,48.5033898627107,49.2872471051447,49.5794654008491,57.9102884373529,62.6892839611622,76.9316273695969,128.554948745993,164.073696137374
"images/IMG_0231.JPG",37.3123519329914,41.6216695474916,45.3522136326304,47.3779493215423,47.9892847290843,71.3013328087092,76.9641477078875,78.2350439204504,139.504037130729
"images/IMG_0242.JPG",24.372881375317,31.8195144828366,33.7272003696096,40.0399003819164,46.9697437597209,61.7613483662736,66.6543639154916,69.088644064028,75.6944345777086
"images/IMG_0243.JPG",20.1854282138629,25.8760010858236,26.2132856719271,29.9813882066018,37.4336069884242,39.1037545361204,51.7233236960867,55.2384891065643,64.9422740528442
"images/IMG_0244.JPG",18.1094235820977,21.1599296057216,26.6881518831018,38.9504380221919,41.5915223429156,43.5872417588309,47.9915217909519,52.73304231418,79.3715497975164
"images/IMG_0246.JPG",16.273639795071,16.8134129624362,27.5237068121686,29.8745450898183,33.7849096879921,36.5561862996319,53.789186856119,58.347500416801,80.295156483494
"images/IMG_0247.JPG",21.0821868411094,23.4877633318114,26.5238856450892,29.8277328705249,33.6452591007968,36.3303217513036,46.0506295089514,49.4091292852148,53.1400885699885
"images/IMG_0248.JPG",18.3160821188386,18.7077551779652,26.5194100675366,28.1917662849477,30.8168160639794,33.4052967539443,43.5572578611272,49.3469522182677,49.3813240789688
"images/IMG_0249.JPG",16.205166922578,17.3737470369634,17.4007355103087,24.8824744008431,26.9294240216156,43.9674625235287,45.8449519120807,45.9635790733596,47.2995434728134
"images/IMG_0251.JPG",18.6272846138339,19.0178630351622,21.3683622928116,21.7414657385183,29.8870919463506,29.9557291476511,33.7044265430197,36.9186725488279,50.1963293133629
"images/IMG_0252.JPG",20.011180096969,20.5351468505383,22.6759184689246,25.8865165469966,26.4947396124514,27.3193704187816,32.3937583412487,36.4167438138611,53.6864827002792
"images/IMG_0253.JPG",10.7208160068982,19.4606682272357,20.150080944698,24.5615051509876,26.5733655174359,30.9265761927428,33.6827333959299,44.7602790411981,50.6790722533604
"images/IMG_0254.JPG",17.1870316599663,18.1866186055188,25.7038121550048,26.4165081155088,27.1037416359068,31.1039393552566,41.9710566180973,44.9405707350071,50.7303522625082
"images/IMG_1575_250microns.JPG",27.3786469178135,27.9158453017383,35.2066876491533,46.5884117448209,47.7831442046001,61.2501208892501,65.7234115058489,67.441471999966,102.330112141374
"images/IMG_1576_250microns.JPG",28.7662745146284,35.935267796612,37.3539600358023,43.3598559193803,46.3169849586079,61.5417631157785,61.9539479464908,73.723074284435,77.1534616503458
"images/IMG_1577_250microns.JPG",32.1750311938366,35.8189796605304,36.7528820309121,44.76984618488,49.7177388383824,53.4063514822622,55.6962988984732,89.7126581131845,109.165698870996
"images/IMG_1578_355microns.JPG",30.8998818040618,31.2322048554099,42.8732612713645,46.877448527661,51.101890403707,61.3067454981527,79.7671383449449,87.2855440668558,88.3418207114885
"images/IMG_1579_355microns.JPG",40.0000037080134,51.5394405277838,53.9435096572514,57.3236655691221,63.4137676860978,75.4300035559504,77.7721822540809,89.4574213629505,94.9076135480036
"images/IMG_1580_355microns.JPG",35.4213881654792,48.7655638976583,52.9326121472685,70.2450883488873,72.3803682764985,76.1931335871576,86.2586877997491,96.9785978347678,100.099847236543
"images/IMG_1581_500microns.JPG",47.6478127635076,50.5435316731144,64.7852358884527,76.9858442245063,82.2876178748664,92.3162902147311,115.850270373619,116.766964386458,159.960854549248
"images/IMG_1582_500microns.JPG",45.6456417635137,52.426822221895,71.6955843909839,80.5506548917413,86.1077711062512,104.263485221233,118.869909517932,120.891371870913,122.033580091498
"images/IMG_1583_500microns.JPG",68.0145754888744,69.8953572017435,69.9888700231544,72.4838136653029,75.4738596722565,79.0357545840955,102.781563038716,118.944127190571,125.70264556142
"images/IMG_1584_710microns.JPG",72.0215359758238,78.5705319658827,94.5124140073427,100.859550656655,108.282259548964,123.6554809775,135.413713094984,151.836298125475,163.855308935866
"images/IMG_1585_710microns.JPG",64.2464854626426,87.382604935751,87.5876442033714,94.2937361859018,116.231434149294,118.472392638246,125.808717547361,158.168904041766,217.70731113384
"images/IMG_1586_710microns.JPG",69.5979579769333,97.6335687552857,114.072414191537,114.202526121772,129.702675907334,167.285563230353,175.01218722986,185.627227778427,192.742631765498
"images/IMG_1587_1000microns.JPG",90.2690761416623,98.7946346482223,118.266550844236,138.34545470253,160.537833384161,187.230207401569,201.788506687921,258.623498821459,269.888837820416
"images/IMG_1588_1000microns.JPG",92.6154115654905,107.064507779985,116.562300064833,124.410316097153,136.052659963514,152.30649275447,159.45624560517,195.133863173479,218.489837456619
"images/IMG_1589_1000microns.JPG",97.8603667266609,99.7840933569174,105.89417541132,126.340020761641,156.573523449754,163.135236265885,171.187178116933,232.613734490627,239.067885184765
"images/IMG_1590_1400microns.JPG",101.951248842283,116.388340797677,138.677662990503,151.033491299787,190.417322257465,233.6048325002,247.527798231468,264.386481524085,363.970243205177
"images/IMG_1591_1400microns.JPG",99.3148950284377,147.925492785663,151.372436863785,155.697615628554,160.317750736244,165.976360718906,230.01830364407,236.22216444746,296.709646875288
"images/IMG_1592_1400microns.JPG",128.557183754234,139.429360794189,166.504475488034,183.264316270052,193.694880125314,220.292904005962,226.491297518792,272.713269422169,280.791633079487
"images/IMG0310.JPG",72.9301619948585,96.7149702993675,106.06177109946,122.044905752036,138.805325862683,164.173489525886,167.187402669962,178.157835125811,202.907136450097
"images/IMG0311.JPG",27.6908869831852,54.6763859643522,69.6600364279489,73.7650337978515,106.923053596455,207.969737784785,249.344567192817,346.099000725142,415.358748113236
"images/IMG0312.JPG",67.8293219806769,95.155209374137,100.263942503559,138.870723458461,140.540840325864,148.922763491351,175.669606865471,215.131488507757,276.508534622069
"images/IMG0331.JPG",108.052689273466,118.369227081316,133.465753021944,155.598253404903,176.945728569735,184.097689352774,187.134206307783,206.871304370725,257.522811060415
"images/IMG0332.JPG",43.5144771365386,71.5194537690167,83.8727389443904,98.8304145894886,109.262429369968,128.73316654082,192.565509001693,231.475486906055,268.754271984459
"images/IMG0333.JPG",64.9742275037395,86.1161946654625,100.338071239227,138.228533454634,142.621065066824,146.687692237929,149.490482043434,205.891027263089,242.675871697747
"images/IMG0334.JPG",47.7009684455634,77.1318117025159,84.6670820399108,126.167510165857,145.081524526883,160.267433640409,174.121403083297,207.928243535261,266.000314468174
"images/IMG0335.JPG",70.3430930411389,75.3473445714529,94.8773046203976,107.044586362031,120.71348277108,129.10240537099,174.69694996134,210.512028045258,274.294475491885
"images/IMG0340.JPG",29.3330417404584,58.628982460102,67.8407260711449,141.080942350207,163.477168402813,216.117241304093,232.569268444115,293.142524311452,301.871179280191
"images/IMG0341.JPG",45.1699084029689,50.8884294579413,91.3170729062053,93.655730848769,138.73920289148,176.754028097688,290.631911647164,294.620520355653,383.17995352134
"images/IMG0342.JPG",48.7543798494543,51.3661048426693,97.4151818780265,155.674247629878,161.625226092569,214.095112119801,221.451046575867,263.912924525808,361.653503681759
"images/IMGP3459_80c.JPG",66.7357757498414,84.3383607288405,104.35420023037,113.600565698403,155.268282508113,224.080736742471,266.097580029012,393.120609362306,611.790452682777
"images/IMGP3459_80c.JPG",18.6556634646529,22.5546447846634,64.6428603921328,90.2553175563557,119.609925337922,147.573362827054,178.736327510952,193.55732262002,285.643923112869
"images/IMGP6217.JPG",36.3073107637957,38.0773364498091,43.7771441589382,55.2816261565468,83.1111615488301,91.7148257540101,144.905987042428,155.692409827343,336.264545133408
"images/P.jpg",190.425476651919,203.167099662604,209.114927888953,222.845435020692,234.509878805367,253.664316877821,263.490830334745,273.155699624489,278.922741445045
"images/P1020792b.jpg",26.7689067033236,28.6686243135422,30.5210435175084,35.5465871190965,47.4867356251195,61.471104262827,67.0677826470622,76.1970056372228,109.028978515576
"images/P4040037.JPG",35.9129010486265,44.7465808195534,92.1788322298817,99.4519943497029,100.183950041016,109.058253286436,131.500044872354,202.592374308258,287.648173499636
"images/SDFGT.jpg",14.8671121981758,37.7622894432407,57.2450413204903,215.705763672607,232.954060176708,275.298386581635,291.844597501913,313.137163911834,370.326242087462
"images/B11_H1-30_1x.jpg",8.69741982056249,53.8733713746829,58.4659398336907,62.9626999939965,89.7957060242784,91.7678310483307,96.9303982920833,102.306550648676,174.849976455706
"images/B11_H1-30_1x.jpg",24.9865915677047,27.212050326675,35.2131138068592,54.1514494221352,72.7560961923356,75.5858538891461,114.770021901123,147.97075815484,175.812529050287
"images/B11_H1-30_2x.jpg",109.970229499873,125.317966399473,150.130202283291,157.00444613785,176.754382366869,212.890515003512,216.923464017782,221.881229480629,301.909835469614
"images/um125_179_1.jpg",72.6430400661755,80.8269993879245,107.638745208066,117.09042527745,137.167039476787,138.162126972272,142.463423362616,191.582354148003,231.907587609282
"images/um180_299_2.jpg",74.2663212057671,112.200814825287,123.144934553284,131.052788981166,132.500840279509,175.358864224725,196.676487291586,211.087601876577,286.788676662842
"images/um300_424_1.jpg",122.694550153157,124.343436314631,143.131698737168,147.303379823712,212.606701697598,251.589325968123,263.632106584678,306.734020437506,343.966340597517
"images/um32_64_1.jpg",46.4093443865591,50.3441743037013,50.6073567323812,57.3012078724218,80.9676111952338,85.5087329072101,92.0117135204804,145.672361663194,160.11550170862
"images/um425_599_4.jpg",113.212153142643,133.565862883958,188.044368530788,213.901510116273,219.097472162558,288.542645388563,327.734420515225,390.573226905684,429.482509179871
"images/um65_89_1.jpg",87.3972106804543,106.9818530049,108.318297250739,109.309962094742,120.549444238051,141.808556638111,188.258901544318,236.616470706007,318.2321670008
"images/um90_124_1.jpg",51.7122607307284,63.1732051866774,63.2198417076089,86.963879756279,96.3623159318419,103.692516678293,140.325056253569,145.38004625514,225.649401361955
